sample_name,start_allele_1,end_allele_1,start_allele_2,end_allele_2,total,below,allele_1,between,allele_2,above,indel,below_frac,allele_1_frac,between_frac,allele_2_frac,above_frac,indel_frac
D103_10uM_R1,51,60,138,154,282238.0,171980.0,24140.0,43294.0,29781.0,3703.0,9340,0.6093438870740298,0.08553065143602208,0.15339536136168766,0.10551732934615467,0.013120132654001233,0.03309263812810465
D103_10uM_R2,51,60,138,154,316511.0,164590.0,103855.0,16528.0,18562.0,1672.0,11304,0.520013522436819,0.32812445696989995,0.0522193541456695,0.05864567108252162,0.0052825968133808935,0.0357143985517091
No_E_R1,51,60,138,154,415250.0,19860.0,268682.0,8132.0,116361.0,1271.0,944,0.0478266104756171,0.6470367248645394,0.019583383503913306,0.2802191450933173,0.0030608067429259483,0.0022733293196869355
No_E_R2,51,60,138,154,344911.0,27095.0,198151.0,11825.0,105713.0,1154.0,973,0.07855649718333135,0.5744989287091452,0.034284206650411264,0.30649355920802757,0.003345790653240981,0.0028210175958435653
noINH_DMSO_R1,51,60,138,154,358433.0,181763.0,127402.0,26077.0,14560.0,977.0,7654,0.5071045355756864,0.3554416027542107,0.07275278782924563,0.0406212597612385,0.002725753488099589,0.021354060591519196
noINH_DMSO_R2,51,60,138,154,401752.0,268283.0,84735.0,28793.0,10796.0,1398.0,7747,0.6677826121587447,0.21091369800274795,0.07166859156892809,0.026872299328939246,0.0034797586570819807,0.019283040283558015
