sample_name,start_allele_1,end_allele_1,start_allele_2,end_allele_2,total,below,allele_1,between,allele_2,above,indel,below_frac,allele_1_frac,between_frac,allele_2_frac,above_frac,indel_frac
D103_10uM_R1,51,60,138,154,269.0,141.0,19.0,21.0,13.0,3.0,72,0.5241635687732342,0.07063197026022305,0.07806691449814127,0.048327137546468404,0.011152416356877323,0.26765799256505574
D103_10uM_R2,51,60,138,154,832.0,356.0,203.0,34.0,49.0,5.0,185,0.42788461538461536,0.2439903846153846,0.040865384615384616,0.05889423076923077,0.006009615384615385,0.22235576923076922
No_E_R1,51,60,138,154,650.0,7.0,362.0,0.0,270.0,0.0,11,0.010769230769230769,0.556923076923077,0.0,0.4153846153846154,0.0,0.016923076923076923
No_E_R2,51,60,138,154,481.0,18.0,231.0,3.0,219.0,0.0,10,0.037422037422037424,0.4802494802494803,0.006237006237006237,0.4553014553014553,0.0,0.02079002079002079
noINH_DMSO_R1,51,60,138,154,352.0,156.0,85.0,22.0,10.0,1.0,78,0.4431818181818182,0.24147727272727273,0.0625,0.028409090909090908,0.002840909090909091,0.2215909090909091
noINH_DMSO_R2,51,60,138,154,459.0,269.0,66.0,26.0,14.0,2.0,82,0.5860566448801743,0.1437908496732026,0.05664488017429194,0.030501089324618737,0.004357298474945534,0.1786492374727669
