sample_name,start_allele_1,end_allele_1,start_allele_2,end_allele_2,total,below,allele_1,between,allele_2,above,indel,below_frac,allele_1_frac,between_frac,allele_2_frac,above_frac,indel_frac
D103_10uM_R1,51,60,138,154,2129.0,1337.0,191.0,218.0,93.0,14.0,276,0.6279943635509629,0.08971348050728041,0.10239549084077032,0.04368248003757633,0.006575857209957727,0.12963832785345233
D103_10uM_R2,51,60,138,154,2083.0,951.0,599.0,79.0,76.0,9.0,369,0.456553048487758,0.28756601056168984,0.037926068170907344,0.03648583773403745,0.0043206913106096975,0.1771483437349976
No_E_R1,51,60,138,154,3870.0,34.0,2755.0,74.0,986.0,0.0,21,0.008785529715762274,0.7118863049095607,0.019121447028423774,0.25478036175710594,0.0,0.005426356589147287
No_E_R2,51,60,138,154,1592.0,50.0,928.0,35.0,549.0,0.0,30,0.031407035175879394,0.5829145728643216,0.02198492462311558,0.34484924623115576,0.0,0.018844221105527637
noINH_DMSO_R1,51,60,138,154,3524.0,1627.0,1432.0,138.0,62.0,4.0,261,0.4616912599318956,0.40635641316685583,0.03916004540295119,0.017593643586833144,0.0011350737797956867,0.07406356413166856
noINH_DMSO_R2,51,60,138,154,1960.0,1299.0,359.0,73.0,22.0,5.0,202,0.6627551020408163,0.18316326530612245,0.037244897959183676,0.011224489795918367,0.002551020408163265,0.10306122448979592
