sample_name,start_allele_1,end_allele_1,start_allele_2,end_allele_2,total,below,allele_1,between,allele_2,above,indel,below_frac,allele_1_frac,between_frac,allele_2_frac,above_frac,indel_frac
D103_10uM_R1,51,60,138,154,676.0,365.0,47.0,72.0,35.0,8.0,149,0.5399408284023669,0.0695266272189349,0.10650887573964497,0.051775147928994084,0.011834319526627219,0.22041420118343194
D103_10uM_R2,51,60,138,154,1229.0,547.0,314.0,44.0,57.0,7.0,260,0.4450772986167616,0.2554922701383238,0.03580146460537022,0.046379170056956874,0.005695687550854353,0.2115541090317331
No_E_R1,51,60,138,154,1199.0,19.0,719.0,7.0,442.0,0.0,12,0.0158465387823186,0.5996663886572143,0.005838198498748957,0.3686405337781485,0.0,0.010008340283569641
No_E_R2,51,60,138,154,745.0,30.0,384.0,6.0,310.0,0.0,15,0.040268456375838924,0.5154362416107383,0.008053691275167786,0.4161073825503356,0.0,0.020134228187919462
noINH_DMSO_R1,51,60,138,154,876.0,382.0,261.0,50.0,38.0,3.0,142,0.4360730593607306,0.2979452054794521,0.05707762557077625,0.04337899543378995,0.003424657534246575,0.16210045662100456
noINH_DMSO_R2,51,60,138,154,769.0,445.0,136.0,42.0,17.0,3.0,126,0.5786736020806242,0.17685305591677503,0.054616384915474644,0.022106631989596878,0.0039011703511053317,0.16384915474642392
