sample_name,start_allele_1,end_allele_1,start_allele_2,end_allele_2,total,below,allele_1,between,allele_2,above,indel,below_frac,allele_1_frac,between_frac,allele_2_frac,above_frac,indel_frac
D103_10uM_R1,51,60,138,154,145.0,76.0,7.0,13.0,8.0,2.0,39,0.5241379310344828,0.04827586206896552,0.0896551724137931,0.05517241379310345,0.013793103448275862,0.2689655172413793
D103_10uM_R2,51,60,138,154,596.0,236.0,150.0,26.0,36.0,5.0,143,0.3959731543624161,0.2516778523489933,0.0436241610738255,0.06040268456375839,0.008389261744966443,0.23993288590604026
No_E_R1,51,60,138,154,459.0,7.0,248.0,0.0,194.0,0.0,10,0.015250544662309368,0.5403050108932462,0.0,0.4226579520697168,0.0,0.02178649237472767
No_E_R2,51,60,138,154,383.0,14.0,176.0,3.0,180.0,0.0,10,0.03655352480417755,0.4595300261096606,0.007832898172323759,0.4699738903394256,0.0,0.02610966057441253
noINH_DMSO_R1,51,60,138,154,193.0,81.0,44.0,12.0,7.0,1.0,48,0.41968911917098445,0.22797927461139897,0.06217616580310881,0.03626943005181347,0.0051813471502590676,0.24870466321243523
noINH_DMSO_R2,51,60,138,154,341.0,197.0,50.0,19.0,9.0,1.0,65,0.5777126099706745,0.1466275659824047,0.05571847507331378,0.026392961876832845,0.002932551319648094,0.1906158357771261
